timestamp,frame_total_ms,type,key,value
2026-04-18 15:06:39.064,294.0,phase,PhaseA_ms,4.18
2026-04-18 15:06:39.064,294.0,phase,PhaseB_ms,113.01
2026-04-18 15:06:39.064,294.0,phase,PhaseC_ms,0.00
2026-04-18 15:06:39.064,294.0,phase,PhaseD_ms,175.84
2026-04-18 15:06:39.064,294.0,sub_phase,PreBuild_ms,1.52
2026-04-18 15:06:39.064,294.0,sub_phase,SignalGraph_ms,6.09
2026-04-18 15:06:39.064,294.0,sub_phase,NativeRT_ms,15.81
2026-04-18 15:06:39.064,294.0,sub_phase,Classify_ms,5.63
2026-04-18 15:06:39.064,294.0,sub_phase,MainLoop_ms,77.34
2026-04-18 15:06:39.064,294.0,gc,Gen0,3
2026-04-18 15:06:39.064,294.0,gc,Gen1,2
2026-04-18 15:06:39.064,294.0,gc,Gen2,0
2026-04-18 15:06:39.064,294.0,gc,TotalMemoryMB,742.9
2026-04-18 15:06:39.064,294.0,skip,SignalGraphAccel,324
2026-04-18 15:06:39.064,294.0,skip,Wire,1210
2026-04-18 15:06:39.064,294.0,skip,Zone,72
2026-04-18 15:06:39.064,294.0,skip,Proxy,0
2026-04-18 15:06:39.064,294.0,skip,GroundItem,1637
2026-04-18 15:06:39.064,294.0,skip,ColdStorage,2105
2026-04-18 15:06:39.064,294.0,diag,ItemSum_ms,76.69
2026-04-18 15:06:39.064,294.0,diag,Infra_ms,35.67
2026-04-18 15:06:39.064,294.0,diag,Unaccounted_ms,37.28
2026-04-18 15:06:39.064,294.0,item,deep_C8-SFW,"60.876|1|Deep Diving Armory"
2026-04-18 15:06:39.064,294.0,item,reactor1,"3.145|1|Vanilla"
2026-04-18 15:06:39.064,294.0,item,outpostoxygenerator,"2.374|2|Vanilla"
2026-04-18 15:06:39.064,294.0,item,alienturret_new,"1.584|1|Vanilla"
2026-04-18 15:06:39.064,294.0,item,windoweddoorwbuttons,"1.054|23|Vanilla"
2026-04-18 15:06:39.064,294.0,item,guardianpod,"0.938|5|Vanilla"
2026-04-18 15:06:39.064,294.0,item,divingsuit,"0.851|1|[EA-HI]Animated Barotrauma Lite"
2026-04-18 15:06:39.064,294.0,item,surveillancecenter,"0.794|1|Vanilla"
2026-04-18 15:06:39.064,294.0,item,depthchargetube,"0.728|2|Vanilla"
2026-04-18 15:06:39.064,294.0,item,relaycomponent,"0.534|72|Vanilla"
2026-04-18 15:06:39.064,294.0,item,Ema_gear,"0.491|1|桃枝-简体中文翻译补充(自用)"
2026-04-18 15:06:39.064,294.0,item,junctionbox,"0.446|33|Vanilla"
2026-04-18 15:06:39.064,294.0,item,smallpump,"0.356|10|Vanilla"
2026-04-18 15:06:39.064,294.0,item,vipclothes1,"0.343|1|[EA-HI]Animated Barotrauma Lite"
2026-04-18 15:06:39.064,294.0,item,hatch,"0.332|19|Vanilla"
2026-04-18 15:06:39.064,294.0,item,largeengine,"0.331|2|Vanilla"
2026-04-18 15:06:39.064,294.0,item,headset,"0.298|2|[EA-HI]Animated Barotrauma Lite"
2026-04-18 15:06:39.064,294.0,item,tsm_flashlight_t,"0.227|1|T.S.M MISSIONS-问君此去几时还"
2026-04-18 15:06:39.064,294.0,item,pump,"0.214|4|Vanilla"
2026-04-18 15:06:39.064,294.0,item,dockinghatch,"0.158|5|Vanilla"
2026-04-18 15:06:47.685,50.0,phase,PhaseA_ms,3.81
2026-04-18 15:06:47.685,50.0,phase,PhaseB_ms,45.17
2026-04-18 15:06:47.685,50.0,phase,PhaseC_ms,0.00
2026-04-18 15:06:47.685,50.0,phase,PhaseD_ms,0.34
2026-04-18 15:06:47.685,50.0,sub_phase,PreBuild_ms,0.92
2026-04-18 15:06:47.685,50.0,sub_phase,SignalGraph_ms,5.48
2026-04-18 15:06:47.685,50.0,sub_phase,NativeRT_ms,15.62
2026-04-18 15:06:47.685,50.0,sub_phase,Classify_ms,4.66
2026-04-18 15:06:47.685,50.0,sub_phase,MainLoop_ms,13.38
2026-04-18 15:06:47.685,50.0,gc,Gen0,0
2026-04-18 15:06:47.685,50.0,gc,Gen1,0
2026-04-18 15:06:47.685,50.0,gc,Gen2,0
2026-04-18 15:06:47.685,50.0,gc,TotalMemoryMB,3872.7
2026-04-18 15:06:47.685,50.0,skip,SignalGraphAccel,324
2026-04-18 15:06:47.685,50.0,skip,Wire,1210
2026-04-18 15:06:47.685,50.0,skip,Zone,72
2026-04-18 15:06:47.685,50.0,skip,Proxy,0
2026-04-18 15:06:47.685,50.0,skip,GroundItem,1636
2026-04-18 15:06:47.685,50.0,skip,ColdStorage,1688
2026-04-18 15:06:47.685,50.0,diag,ItemSum_ms,12.73
2026-04-18 15:06:47.685,50.0,diag,Infra_ms,31.79
2026-04-18 15:06:47.685,50.0,diag,Unaccounted_ms,33.14
2026-04-18 15:06:47.685,50.0,item,reactor1,"2.276|1|Vanilla"
2026-04-18 15:06:47.685,50.0,item,outpostoxygenerator,"1.965|2|Vanilla"
2026-04-18 15:06:47.685,50.0,item,alienturret_new,"1.129|1|Vanilla"
2026-04-18 15:06:47.685,50.0,item,windoweddoorwbuttons,"1.086|23|Vanilla"
2026-04-18 15:06:47.685,50.0,item,guardianpod,"0.978|5|Vanilla"
2026-04-18 15:06:47.685,50.0,item,smallpump,"0.897|10|Vanilla"
2026-04-18 15:06:47.685,50.0,item,depthchargetube,"0.743|2|Vanilla"
2026-04-18 15:06:47.685,50.0,item,surveillancecenter,"0.686|1|Vanilla"
2026-04-18 15:06:47.685,50.0,item,aliencurrentgenerator,"0.618|5|Vanilla"
2026-04-18 15:06:47.685,50.0,item,relaycomponent,"0.543|72|Vanilla"
2026-04-18 15:06:47.685,50.0,item,largeengine,"0.481|2|Vanilla"
2026-04-18 15:06:47.685,50.0,item,junctionbox,"0.415|33|Vanilla"
2026-04-18 15:06:47.685,50.0,item,pump,"0.170|4|Vanilla"
2026-04-18 15:06:47.685,50.0,item,dockinghatch,"0.136|5|Vanilla"
2026-04-18 15:06:47.685,50.0,item,hatch,"0.104|19|Vanilla"
2026-04-18 15:06:47.685,50.0,item,railgun,"0.094|4|Vanilla"
2026-04-18 15:06:47.685,50.0,item,lever,"0.078|4|Vanilla"
2026-04-18 15:06:47.685,50.0,item,outpostreactor,"0.077|2|Vanilla"
2026-04-18 15:06:47.685,50.0,item,hatchwbuttons,"0.038|17|Vanilla"
2026-04-18 15:06:47.685,50.0,item,pulselaser,"0.028|2|Vanilla"
2026-04-18 15:08:35.978,139.6,phase,PhaseA_ms,0.33
2026-04-18 15:08:35.978,139.6,phase,PhaseB_ms,4.58
2026-04-18 15:08:35.978,139.6,phase,PhaseC_ms,0.00
2026-04-18 15:08:35.978,139.6,phase,PhaseD_ms,134.71
2026-04-18 15:08:35.978,139.6,sub_phase,PreBuild_ms,0.00
2026-04-18 15:08:35.978,139.6,sub_phase,SignalGraph_ms,0.00
2026-04-18 15:08:35.978,139.6,sub_phase,NativeRT_ms,0.41
2026-04-18 15:08:35.978,139.6,sub_phase,Classify_ms,1.49
2026-04-18 15:08:35.978,139.6,sub_phase,MainLoop_ms,2.67
2026-04-18 15:08:35.978,139.6,gc,Gen0,2
2026-04-18 15:08:35.978,139.6,gc,Gen1,2
2026-04-18 15:08:35.978,139.6,gc,Gen2,0
2026-04-18 15:08:35.978,139.6,gc,TotalMemoryMB,794.5
2026-04-18 15:08:35.978,139.6,skip,SignalGraphAccel,0
2026-04-18 15:08:35.978,139.6,skip,Wire,730
2026-04-18 15:08:35.978,139.6,skip,Zone,50
2026-04-18 15:08:35.978,139.6,skip,Proxy,0
2026-04-18 15:08:35.978,139.6,skip,GroundItem,1264
2026-04-18 15:08:35.978,139.6,skip,ColdStorage,818
2026-04-18 15:08:35.978,139.6,diag,ItemSum_ms,2.60
2026-04-18 15:08:35.978,139.6,diag,Infra_ms,1.91
2026-04-18 15:08:35.978,139.6,diag,Unaccounted_ms,1.99
2026-04-18 15:08:35.978,139.6,item,outpostreactor,"0.555|1|Vanilla"
2026-04-18 15:08:35.978,139.6,item,relaycomponent,"0.485|39|Vanilla"
2026-04-18 15:08:35.978,139.6,item,regexcomponent,"0.337|4|Vanilla"
2026-04-18 15:08:35.978,139.6,item,orcomponent,"0.223|5|Vanilla"
2026-04-18 15:08:35.978,139.6,item,delaycomponent,"0.134|5|Vanilla"
2026-04-18 15:08:35.978,139.6,item,lever,"0.128|3|Vanilla"
2026-04-18 15:08:35.978,139.6,item,coscomponent,"0.121|1|Vanilla"
2026-04-18 15:08:35.978,139.6,item,dockingport,"0.086|2|Vanilla"
2026-04-18 15:08:35.978,139.6,item,pump,"0.081|6|Vanilla"
2026-04-18 15:08:35.978,139.6,item,memorycomponent,"0.069|11|Vanilla"
2026-04-18 15:08:35.978,139.6,item,smallpump,"0.060|6|Vanilla"
2026-04-18 15:08:35.978,139.6,item,junctionbox,"0.057|10|Vanilla"
2026-04-18 15:08:35.978,139.6,item,reactor1,"0.054|1|Vanilla"
2026-04-18 15:08:35.978,139.6,item,coilgun,"0.023|3|Vanilla"
2026-04-18 15:08:35.978,139.6,item,hatchwbuttons,"0.022|21|Vanilla"
2026-04-18 15:08:35.978,139.6,item,dockinghatch,"0.019|3|Vanilla"
2026-04-18 15:08:35.978,139.6,item,ductblock,"0.017|14|Vanilla"
2026-04-18 15:08:35.978,139.6,item,windoweddoorwbuttons,"0.015|9|Vanilla"
2026-04-18 15:08:35.978,139.6,item,shuttleoxygenerator,"0.014|1|Vanilla"
2026-04-18 15:08:35.978,139.6,item,aliendoorwbuttons,"0.012|8|Vanilla"
2026-04-18 15:10:15.678,37.6,phase,PhaseA_ms,0.35
2026-04-18 15:10:15.678,37.6,phase,PhaseB_ms,37.29
2026-04-18 15:10:15.678,37.6,phase,PhaseC_ms,0.00
2026-04-18 15:10:15.678,37.6,phase,PhaseD_ms,0.00
2026-04-18 15:10:15.678,37.6,sub_phase,PreBuild_ms,0.00
2026-04-18 15:10:15.678,37.6,sub_phase,SignalGraph_ms,0.08
2026-04-18 15:10:15.678,37.6,sub_phase,NativeRT_ms,0.16
2026-04-18 15:10:15.678,37.6,sub_phase,Classify_ms,0.76
2026-04-18 15:10:15.678,37.6,sub_phase,MainLoop_ms,36.27
2026-04-18 15:10:15.678,37.6,gc,Gen0,0
2026-04-18 15:10:15.678,37.6,gc,Gen1,0
2026-04-18 15:10:15.678,37.6,gc,Gen2,0
2026-04-18 15:10:15.678,37.6,gc,TotalMemoryMB,803.3
2026-04-18 15:10:15.678,37.6,skip,SignalGraphAccel,202
2026-04-18 15:10:15.678,37.6,skip,Wire,730
2026-04-18 15:10:15.678,37.6,skip,Zone,50
2026-04-18 15:10:15.678,37.6,skip,Proxy,0
2026-04-18 15:10:15.678,37.6,skip,GroundItem,1118
2026-04-18 15:10:15.678,37.6,skip,ColdStorage,858
2026-04-18 15:10:15.678,37.6,diag,ItemSum_ms,36.17
2026-04-18 15:10:15.678,37.6,diag,Infra_ms,1.02
2026-04-18 15:10:15.678,37.6,diag,Unaccounted_ms,1.12
2026-04-18 15:10:15.678,37.6,item,deep_m4,"35.506|1|Deep Diving Armory"
2026-04-18 15:10:15.678,37.6,item,relaycomponent,"0.090|39|Vanilla"
2026-04-18 15:10:15.678,37.6,item,junctionbox,"0.048|10|Vanilla"
2026-04-18 15:10:15.678,37.6,item,outpostreactor,"0.045|1|Vanilla"
2026-04-18 15:10:15.678,37.6,item,reactor1,"0.039|1|Vanilla"
2026-04-18 15:10:15.678,37.6,item,humanharpoongun,"0.038|2|Barotraumatic"
2026-04-18 15:10:15.678,37.6,item,jovian_divingsuit,"0.037|2|Barotraumatic"
2026-04-18 15:10:15.678,37.6,item,hatchwbuttons,"0.036|21|Vanilla"
2026-04-18 15:10:15.678,37.6,item,guardianpod,"0.026|3|Vanilla"
2026-04-18 15:10:15.678,37.6,item,guardianhookcannon,"0.025|3|Vanilla"
2026-04-18 15:10:15.678,37.6,item,windoweddoorwbuttons,"0.024|9|Vanilla"
2026-04-18 15:10:15.678,37.6,item,humanrevolver,"0.019|2|Barotraumatic"
2026-04-18 15:10:15.678,37.6,item,regexcomponent,"0.018|4|Vanilla"
2026-04-18 15:10:15.678,37.6,item,lever,"0.016|3|Vanilla"
2026-04-18 15:10:15.678,37.6,item,dockinghatch,"0.014|3|Vanilla"
2026-04-18 15:10:15.678,37.6,item,ductblock,"0.013|14|Vanilla"
2026-04-18 15:10:15.678,37.6,item,pump,"0.010|6|Vanilla"
2026-04-18 15:10:15.678,37.6,item,humanuniquesmg,"0.009|1|Barotraumatic"
2026-04-18 15:10:15.678,37.6,item,dockingport,"0.009|2|Vanilla"
2026-04-18 15:10:15.678,37.6,item,headset,"0.008|7|[EA-HI]Animated Barotrauma Lite"
2026-04-18 15:13:09.206,1247.4,phase,PhaseA_ms,0.70
2026-04-18 15:13:09.206,1247.4,phase,PhaseB_ms,1246.66
2026-04-18 15:13:09.206,1247.4,phase,PhaseC_ms,0.00
2026-04-18 15:13:09.206,1247.4,phase,PhaseD_ms,0.00
2026-04-18 15:13:09.206,1247.4,sub_phase,PreBuild_ms,0.00
2026-04-18 15:13:09.206,1247.4,sub_phase,SignalGraph_ms,0.16
2026-04-18 15:13:09.206,1247.4,sub_phase,NativeRT_ms,1242.99
2026-04-18 15:13:09.206,1247.4,sub_phase,Classify_ms,1.72
2026-04-18 15:13:09.206,1247.4,sub_phase,MainLoop_ms,1.77
2026-04-18 15:13:09.206,1247.4,gc,Gen0,1
2026-04-18 15:13:09.206,1247.4,gc,Gen1,1
2026-04-18 15:13:09.206,1247.4,gc,Gen2,1
2026-04-18 15:13:09.206,1247.4,gc,TotalMemoryMB,768.3
2026-04-18 15:13:09.206,1247.4,skip,SignalGraphAccel,202
2026-04-18 15:13:09.206,1247.4,skip,Wire,730
2026-04-18 15:13:09.206,1247.4,skip,Zone,50
2026-04-18 15:13:09.206,1247.4,skip,Proxy,0
2026-04-18 15:13:09.206,1247.4,skip,GroundItem,1141
2026-04-18 15:13:09.206,1247.4,skip,ColdStorage,858
2026-04-18 15:13:09.206,1247.4,diag,ItemSum_ms,1.60
2026-04-18 15:13:09.206,1247.4,diag,Infra_ms,1244.89
2026-04-18 15:13:09.206,1247.4,diag,Unaccounted_ms,1245.07
2026-04-18 15:13:09.206,1247.4,item,relaycomponent,"0.278|39|Vanilla"
2026-04-18 15:13:09.206,1247.4,item,outpostreactor,"0.241|1|Vanilla"
2026-04-18 15:13:09.206,1247.4,item,junctionbox,"0.143|10|Vanilla"
2026-04-18 15:13:09.206,1247.4,item,deep_m4,"0.092|1|Deep Diving Armory"
2026-04-18 15:13:09.206,1247.4,item,hatchwbuttons,"0.090|21|Vanilla"
2026-04-18 15:13:09.206,1247.4,item,guardianpod,"0.089|3|Vanilla"
2026-04-18 15:13:09.206,1247.4,item,reactor1,"0.080|1|Vanilla"
2026-04-18 15:13:09.206,1247.4,item,jovian_divingsuit,"0.058|2|Barotraumatic"
2026-04-18 15:13:09.206,1247.4,item,windoweddoorwbuttons,"0.046|9|Vanilla"
2026-04-18 15:13:09.206,1247.4,item,respawndivingsuit,"0.044|1|[EA-HI]Animated Barotrauma Lite"
2026-04-18 15:13:09.206,1247.4,item,dockinghatch,"0.038|3|Vanilla"
2026-04-18 15:13:09.206,1247.4,item,regexcomponent,"0.036|4|Vanilla"
2026-04-18 15:13:09.206,1247.4,item,lever,"0.033|3|Vanilla"
2026-04-18 15:13:09.206,1247.4,item,pump,"0.031|4|Vanilla"
2026-04-18 15:13:09.206,1247.4,item,dockingport,"0.030|2|Vanilla"
2026-04-18 15:13:09.206,1247.4,item,ductblock,"0.026|14|Vanilla"
2026-04-18 15:13:09.206,1247.4,item,coilgun,"0.015|3|Vanilla"
2026-04-18 15:13:09.206,1247.4,item,aliencurrentgenerator,"0.015|3|Vanilla"
2026-04-18 15:13:09.206,1247.4,item,guardianspear,"0.014|4|Vanilla"
2026-04-18 15:13:09.206,1247.4,item,windoweddoor,"0.013|2|Vanilla"
2026-04-18 15:43:22.597,402.5,phase,PhaseA_ms,6.70
2026-04-18 15:43:22.597,402.5,phase,PhaseB_ms,146.98
2026-04-18 15:43:22.597,402.5,phase,PhaseC_ms,0.00
2026-04-18 15:43:22.597,402.5,phase,PhaseD_ms,247.78
2026-04-18 15:43:22.597,402.5,sub_phase,PreBuild_ms,5.62
2026-04-18 15:43:22.597,402.5,sub_phase,SignalGraph_ms,4.80
2026-04-18 15:43:22.597,402.5,sub_phase,NativeRT_ms,17.61
2026-04-18 15:43:22.597,402.5,sub_phase,Classify_ms,4.89
2026-04-18 15:43:22.597,402.5,sub_phase,MainLoop_ms,107.91
2026-04-18 15:43:22.597,402.5,gc,Gen0,3
2026-04-18 15:43:22.597,402.5,gc,Gen1,2
2026-04-18 15:43:22.597,402.5,gc,Gen2,0
2026-04-18 15:43:22.597,402.5,gc,TotalMemoryMB,743.3
2026-04-18 15:43:22.597,402.5,skip,SignalGraphAccel,324
2026-04-18 15:43:22.597,402.5,skip,Wire,1210
2026-04-18 15:43:22.597,402.5,skip,Zone,72
2026-04-18 15:43:22.597,402.5,skip,Proxy,0
2026-04-18 15:43:22.597,402.5,skip,GroundItem,1636
2026-04-18 15:43:22.597,402.5,skip,ColdStorage,2083
2026-04-18 15:43:22.597,402.5,diag,ItemSum_ms,93.46
2026-04-18 15:43:22.597,402.5,diag,Infra_ms,39.06
2026-04-18 15:43:22.597,402.5,diag,Unaccounted_ms,54.59
2026-04-18 15:43:22.597,402.5,item,deep_C8-SFW,"52.762|1|Deep Diving Armory"
2026-04-18 15:43:22.597,402.5,item,outpostoxygenerator,"12.611|2|Vanilla"
2026-04-18 15:43:22.597,402.5,item,relaycomponent,"11.272|72|Vanilla"
2026-04-18 15:43:22.597,402.5,item,windoweddoorwbuttons,"5.320|23|Vanilla"
2026-04-18 15:43:22.597,402.5,item,reactor1,"1.758|1|Vanilla"
2026-04-18 15:43:22.597,402.5,item,alienturret_new,"1.220|1|Vanilla"
2026-04-18 15:43:22.597,402.5,item,guardianpod,"1.166|5|Vanilla"
2026-04-18 15:43:22.597,402.5,item,largeengine,"0.889|2|Vanilla"
2026-04-18 15:43:22.597,402.5,item,surveillancecenter,"0.873|1|Vanilla"
2026-04-18 15:43:22.597,402.5,item,pump,"0.780|4|Vanilla"
2026-04-18 15:43:22.597,402.5,item,depthchargetube,"0.741|2|Vanilla"
2026-04-18 15:43:22.597,402.5,item,junctionbox,"0.634|33|Vanilla"
2026-04-18 15:43:22.597,402.5,item,hatch,"0.566|19|Vanilla"
2026-04-18 15:43:22.597,402.5,item,mudraptorshell_head,"0.452|1|[EA-HI]木卫二萌化计划"
2026-04-18 15:43:22.597,402.5,item,Ema_gear,"0.447|1|桃枝-简体中文翻译补充(自用)"
2026-04-18 15:43:22.597,402.5,item,smallpump,"0.382|10|Vanilla"
2026-04-18 15:43:22.597,402.5,item,tsm_flashlight_t,"0.228|1|T.S.M MISSIONS-问君此去几时还"
2026-04-18 15:43:22.597,402.5,item,dockinghatch,"0.216|5|Vanilla"
2026-04-18 15:43:22.597,402.5,item,headset,"0.175|2|[EA-HI]Animated Barotrauma Lite"
2026-04-18 15:43:22.597,402.5,item,hatchwbuttons,"0.171|17|Vanilla"
2026-04-18 15:43:34.603,62.3,phase,PhaseA_ms,5.87
2026-04-18 15:43:34.603,62.3,phase,PhaseB_ms,55.21
2026-04-18 15:43:34.603,62.3,phase,PhaseC_ms,0.00
2026-04-18 15:43:34.603,62.3,phase,PhaseD_ms,0.40
2026-04-18 15:43:34.603,62.3,sub_phase,PreBuild_ms,1.15
2026-04-18 15:43:34.603,62.3,sub_phase,SignalGraph_ms,5.94
2026-04-18 15:43:34.603,62.3,sub_phase,NativeRT_ms,17.43
2026-04-18 15:43:34.603,62.3,sub_phase,Classify_ms,5.01
2026-04-18 15:43:34.603,62.3,sub_phase,MainLoop_ms,19.91
2026-04-18 15:43:34.603,62.3,gc,Gen0,0
2026-04-18 15:43:34.603,62.3,gc,Gen1,0
2026-04-18 15:43:34.603,62.3,gc,Gen2,0
2026-04-18 15:43:34.603,62.3,gc,TotalMemoryMB,3874.6
2026-04-18 15:43:34.603,62.3,skip,SignalGraphAccel,324
2026-04-18 15:43:34.603,62.3,skip,Wire,1210
2026-04-18 15:43:34.603,62.3,skip,Zone,72
2026-04-18 15:43:34.603,62.3,skip,Proxy,0
2026-04-18 15:43:34.603,62.3,skip,GroundItem,1636
2026-04-18 15:43:34.603,62.3,skip,ColdStorage,1688
2026-04-18 15:43:34.603,62.3,diag,ItemSum_ms,18.97
2026-04-18 15:43:34.603,62.3,diag,Infra_ms,35.29
2026-04-18 15:43:34.603,62.3,diag,Unaccounted_ms,37.08
2026-04-18 15:43:34.603,62.3,item,outpostoxygenerator,"3.100|2|Vanilla"
2026-04-18 15:43:34.603,62.3,item,windoweddoorwbuttons,"2.970|23|Vanilla"
2026-04-18 15:43:34.603,62.3,item,reactor1,"2.297|1|Vanilla"
2026-04-18 15:43:34.603,62.3,item,depthchargetube,"1.594|2|Vanilla"
2026-04-18 15:43:34.603,62.3,item,alienturret_new,"1.524|1|Vanilla"
2026-04-18 15:43:34.603,62.3,item,smallpump,"1.164|10|Vanilla"
2026-04-18 15:43:34.603,62.3,item,guardianpod,"1.116|5|Vanilla"
2026-04-18 15:43:34.603,62.3,item,largeengine,"0.847|2|Vanilla"
2026-04-18 15:43:34.603,62.3,item,aliencurrentgenerator,"0.788|5|Vanilla"
2026-04-18 15:43:34.603,62.3,item,surveillancecenter,"0.771|1|Vanilla"
2026-04-18 15:43:34.603,62.3,item,relaycomponent,"0.742|72|Vanilla"
2026-04-18 15:43:34.603,62.3,item,pump,"0.581|4|Vanilla"
2026-04-18 15:43:34.603,62.3,item,junctionbox,"0.522|33|Vanilla"
2026-04-18 15:43:34.603,62.3,item,dockinghatch,"0.228|5|Vanilla"
2026-04-18 15:43:34.603,62.3,item,hatch,"0.127|19|Vanilla"
2026-04-18 15:43:34.603,62.3,item,outpostreactor,"0.105|2|Vanilla"
2026-04-18 15:43:34.603,62.3,item,lever,"0.088|4|Vanilla"
2026-04-18 15:43:34.603,62.3,item,railgun,"0.083|4|Vanilla"
2026-04-18 15:43:34.603,62.3,item,hatchwbuttons,"0.055|17|Vanilla"
2026-04-18 15:43:34.603,62.3,item,aliendoorwbuttons,"0.032|17|Vanilla"
2026-04-18 15:43:55.416,42.7,phase,PhaseA_ms,39.52
2026-04-18 15:43:55.416,42.7,phase,PhaseB_ms,3.16
2026-04-18 15:43:55.416,42.7,phase,PhaseC_ms,0.00
2026-04-18 15:43:55.416,42.7,phase,PhaseD_ms,0.00
2026-04-18 15:43:55.416,42.7,sub_phase,PreBuild_ms,0.00
2026-04-18 15:43:55.416,42.7,sub_phase,SignalGraph_ms,0.03
2026-04-18 15:43:55.416,42.7,sub_phase,NativeRT_ms,0.05
2026-04-18 15:43:55.416,42.7,sub_phase,Classify_ms,1.39
2026-04-18 15:43:55.416,42.7,sub_phase,MainLoop_ms,1.68
2026-04-18 15:43:55.416,42.7,gc,Gen0,1
2026-04-18 15:43:55.416,42.7,gc,Gen1,0
2026-04-18 15:43:55.416,42.7,gc,Gen2,0
2026-04-18 15:43:55.416,42.7,gc,TotalMemoryMB,740.3
2026-04-18 15:43:55.416,42.7,skip,SignalGraphAccel,324
2026-04-18 15:43:55.416,42.7,skip,Wire,1210
2026-04-18 15:43:55.416,42.7,skip,Zone,72
2026-04-18 15:43:55.416,42.7,skip,Proxy,0
2026-04-18 15:43:55.416,42.7,skip,GroundItem,61
2026-04-18 15:43:55.416,42.7,skip,ColdStorage,2153
2026-04-18 15:43:55.416,42.7,diag,ItemSum_ms,1.36
2026-04-18 15:43:55.416,42.7,diag,Infra_ms,1.48
2026-04-18 15:43:55.416,42.7,diag,Unaccounted_ms,1.80
2026-04-18 15:43:55.416,42.7,item,relaycomponent,"0.200|72|Vanilla"
2026-04-18 15:43:55.416,42.7,item,chargingdock,"0.139|22|Vanilla"
2026-04-18 15:43:55.416,42.7,item,waterdetector,"0.130|43|Vanilla"
2026-04-18 15:43:55.416,42.7,item,junctionbox,"0.072|33|Vanilla"
2026-04-18 15:43:55.416,42.7,item,guardianpod,"0.057|5|Vanilla"
2026-04-18 15:43:55.416,42.7,item,deep_C8-SFW,"0.038|1|Deep Diving Armory"
2026-04-18 15:43:55.416,42.7,item,hatch,"0.035|19|Vanilla"
2026-04-18 15:43:55.416,42.7,item,alienterminal_new,"0.033|9|Vanilla"
2026-04-18 15:43:55.416,42.7,item,walker_headset,"0.030|1|Deep Diving Armory"
2026-04-18 15:43:55.416,42.7,item,windoweddoorwbuttons,"0.030|23|Vanilla"
2026-04-18 15:43:55.416,42.7,item,coilgunloader,"0.029|10|Vanilla"
2026-04-18 15:43:55.416,42.7,item,dockinghatch,"0.028|5|Vanilla"
2026-04-18 15:43:55.416,42.7,item,supercapacitor,"0.026|15|Vanilla"
2026-04-18 15:43:55.416,42.7,item,battery,"0.025|6|Vanilla"
2026-04-18 15:43:55.416,42.7,item,smallpump,"0.023|36|Vanilla"
2026-04-18 15:43:55.416,42.7,item,deep_Obsidian,"0.023|1|Deep Diving Armory"
2026-04-18 15:43:55.416,42.7,item,hatchwbuttons,"0.023|17|Vanilla"
2026-04-18 15:43:55.416,42.7,item,alienterminal2,"0.022|8|Vanilla"
2026-04-18 15:43:55.416,42.7,item,railgunloadersmall,"0.018|4|Vanilla"
2026-04-18 15:43:55.416,42.7,item,reactor1,"0.015|1|Vanilla"
2026-04-18 15:44:14.600,88.8,phase,PhaseA_ms,85.22
2026-04-18 15:44:14.600,88.8,phase,PhaseB_ms,3.60
2026-04-18 15:44:14.600,88.8,phase,PhaseC_ms,0.00
2026-04-18 15:44:14.600,88.8,phase,PhaseD_ms,0.00
2026-04-18 15:44:14.600,88.8,sub_phase,PreBuild_ms,0.01
2026-04-18 15:44:14.600,88.8,sub_phase,SignalGraph_ms,0.11
2026-04-18 15:44:14.600,88.8,sub_phase,NativeRT_ms,0.23
2026-04-18 15:44:14.600,88.8,sub_phase,Classify_ms,2.24
2026-04-18 15:44:14.600,88.8,sub_phase,MainLoop_ms,1.00
2026-04-18 15:44:14.600,88.8,gc,Gen0,0
2026-04-18 15:44:14.600,88.8,gc,Gen1,0
2026-04-18 15:44:14.600,88.8,gc,Gen2,0
2026-04-18 15:44:14.600,88.8,gc,TotalMemoryMB,743.0
2026-04-18 15:44:14.600,88.8,skip,SignalGraphAccel,324
2026-04-18 15:44:14.600,88.8,skip,Wire,1210
2026-04-18 15:44:14.600,88.8,skip,Zone,72
2026-04-18 15:44:14.600,88.8,skip,Proxy,0
2026-04-18 15:44:14.600,88.8,skip,GroundItem,1690
2026-04-18 15:44:14.600,88.8,skip,ColdStorage,2153
2026-04-18 15:44:14.600,88.8,diag,ItemSum_ms,0.85
2026-04-18 15:44:14.600,88.8,diag,Infra_ms,2.60
2026-04-18 15:44:14.600,88.8,diag,Unaccounted_ms,2.76
2026-04-18 15:44:14.600,88.8,item,relaycomponent,"0.247|72|Vanilla"
2026-04-18 15:44:14.600,88.8,item,junctionbox,"0.089|33|Vanilla"
2026-04-18 15:44:14.600,88.8,item,deep_C8-SFW,"0.059|1|Deep Diving Armory"
2026-04-18 15:44:14.600,88.8,item,guardianpod,"0.052|5|Vanilla"
2026-04-18 15:44:14.600,88.8,item,hatch,"0.047|19|Vanilla"
2026-04-18 15:44:14.600,88.8,item,windoweddoorwbuttons,"0.041|23|Vanilla"
2026-04-18 15:44:14.600,88.8,item,dockinghatch,"0.040|5|Vanilla"
2026-04-18 15:44:14.600,88.8,item,reactor1,"0.029|1|Vanilla"
2026-04-18 15:44:14.600,88.8,item,hatchwbuttons,"0.027|17|Vanilla"
2026-04-18 15:44:14.600,88.8,item,lever,"0.019|4|Vanilla"
2026-04-18 15:44:14.600,88.8,item,pump,"0.016|4|Vanilla"
2026-04-18 15:44:14.600,88.8,item,aliendoorwbuttons,"0.014|17|Vanilla"
2026-04-18 15:44:14.600,88.8,item,tsm_flashlight_t,"0.013|1|T.S.M MISSIONS-问君此去几时还"
2026-04-18 15:44:14.600,88.8,item,aliencurrentgenerator,"0.009|5|Vanilla"
2026-04-18 15:44:14.600,88.8,item,doorwbuttons,"0.009|3|Vanilla"
2026-04-18 15:44:14.600,88.8,item,smallpump,"0.008|6|Vanilla"
2026-04-18 15:44:14.600,88.8,item,aliendoorsmall,"0.008|9|Vanilla"
2026-04-18 15:44:14.600,88.8,item,Ema_gear,"0.008|1|桃枝-简体中文翻译补充(自用)"
2026-04-18 15:44:14.600,88.8,item,alienhatchwbuttons,"0.007|8|Vanilla"
2026-04-18 15:44:14.600,88.8,item,largeengine,"0.007|2|Vanilla"
2026-04-18 16:09:43.362,221.9,phase,PhaseA_ms,3.61
2026-04-18 16:09:43.362,221.9,phase,PhaseB_ms,73.87
2026-04-18 16:09:43.362,221.9,phase,PhaseC_ms,0.00
2026-04-18 16:09:43.362,221.9,phase,PhaseD_ms,143.36
2026-04-18 16:09:43.362,221.9,sub_phase,PreBuild_ms,1.73
2026-04-18 16:09:43.362,221.9,sub_phase,SignalGraph_ms,5.24
2026-04-18 16:09:43.362,221.9,sub_phase,NativeRT_ms,17.79
2026-04-18 16:09:43.362,221.9,sub_phase,Classify_ms,4.63
2026-04-18 16:09:43.362,221.9,sub_phase,MainLoop_ms,37.99
2026-04-18 16:09:43.362,221.9,gc,Gen0,2
2026-04-18 16:09:43.362,221.9,gc,Gen1,1
2026-04-18 16:09:43.362,221.9,gc,Gen2,0
2026-04-18 16:09:43.362,221.9,gc,TotalMemoryMB,769.1
2026-04-18 16:09:43.362,221.9,skip,SignalGraphAccel,324
2026-04-18 16:09:43.362,221.9,skip,Wire,1210
2026-04-18 16:09:43.362,221.9,skip,Zone,1416
2026-04-18 16:09:43.362,221.9,skip,ZonePassive,0
2026-04-18 16:09:43.362,221.9,skip,Proxy,0
2026-04-18 16:09:43.362,221.9,skip,GroundItem,877
2026-04-18 16:09:43.362,221.9,skip,ColdStorage,1681
2026-04-18 16:09:43.362,221.9,diag,ItemSum_ms,37.53
2026-04-18 16:09:43.362,221.9,diag,Infra_ms,35.87
2026-04-18 16:09:43.362,221.9,diag,Unaccounted_ms,37.36
2026-04-18 16:09:43.362,221.9,item,deep_C8-SFW,"28.197|1|Deep Diving Armory"
2026-04-18 16:09:43.362,221.9,item,outpostoxygenerator,"2.041|1|Vanilla"
2026-04-18 16:09:43.362,221.9,item,reactor1,"1.879|1|Vanilla"
2026-04-18 16:09:43.362,221.9,item,windoweddoorwbuttons,"1.255|16|Vanilla"
2026-04-18 16:09:43.362,221.9,item,surveillancecenter,"0.745|1|Vanilla"
2026-04-18 16:09:43.362,221.9,item,Ema_gear,"0.431|1|桃枝-简体中文翻译补充(自用)"
2026-04-18 16:09:43.362,221.9,item,largeengine,"0.389|1|Vanilla"
2026-04-18 16:09:43.362,221.9,item,depthchargetube,"0.363|1|Vanilla"
2026-04-18 16:09:43.362,221.9,item,captainsuniform3,"0.343|1|[EA-HI]Animated Barotrauma Lite"
2026-04-18 16:09:43.362,221.9,item,hatch,"0.307|16|Vanilla"
2026-04-18 16:09:43.362,221.9,item,pump,"0.304|2|Vanilla"
2026-04-18 16:09:43.362,221.9,item,tsm_flashlight_t,"0.213|1|T.S.M MISSIONS-问君此去几时还"
2026-04-18 16:09:43.362,221.9,item,headset,"0.177|3|[EA-HI]Animated Barotrauma Lite"
2026-04-18 16:09:43.362,221.9,item,smallpump,"0.149|8|Vanilla"
2026-04-18 16:09:43.362,221.9,item,junctionbox,"0.137|17|Vanilla"
2026-04-18 16:09:43.362,221.9,item,relaycomponent,"0.123|20|Vanilla"
2026-04-18 16:09:43.362,221.9,item,Ema_Hat,"0.118|1|桃枝-简体中文翻译补充(自用)"
2026-04-18 16:09:43.362,221.9,item,hatchwbuttons,"0.071|10|Vanilla"
2026-04-18 16:09:43.362,221.9,item,lever,"0.063|2|Vanilla"
2026-04-18 16:09:43.362,221.9,item,deep_5.56x45,"0.053|1|Deep Diving Armory"
2026-04-18 16:09:53.633,57.0,phase,PhaseA_ms,5.44
2026-04-18 16:09:53.633,57.0,phase,PhaseB_ms,50.05
2026-04-18 16:09:53.633,57.0,phase,PhaseC_ms,0.00
2026-04-18 16:09:53.633,57.0,phase,PhaseD_ms,0.51
2026-04-18 16:09:53.633,57.0,sub_phase,PreBuild_ms,0.98
2026-04-18 16:09:53.633,57.0,sub_phase,SignalGraph_ms,6.03
2026-04-18 16:09:53.633,57.0,sub_phase,NativeRT_ms,16.94
2026-04-18 16:09:53.633,57.0,sub_phase,Classify_ms,4.71
2026-04-18 16:09:53.633,57.0,sub_phase,MainLoop_ms,15.61
2026-04-18 16:09:53.633,57.0,gc,Gen0,0
2026-04-18 16:09:53.633,57.0,gc,Gen1,0
2026-04-18 16:09:53.633,57.0,gc,Gen2,0
2026-04-18 16:09:53.633,57.0,gc,TotalMemoryMB,4303.9
2026-04-18 16:09:53.633,57.0,skip,SignalGraphAccel,324
2026-04-18 16:09:53.633,57.0,skip,Wire,1210
2026-04-18 16:09:53.633,57.0,skip,Zone,72
2026-04-18 16:09:53.633,57.0,skip,ZonePassive,0
2026-04-18 16:09:53.633,57.0,skip,Proxy,0
2026-04-18 16:09:53.633,57.0,skip,GroundItem,1636
2026-04-18 16:09:53.633,57.0,skip,ColdStorage,1688
2026-04-18 16:09:53.633,57.0,diag,ItemSum_ms,14.95
2026-04-18 16:09:53.633,57.0,diag,Infra_ms,34.44
2026-04-18 16:09:53.633,57.0,diag,Unaccounted_ms,36.08
2026-04-18 16:09:53.633,57.0,item,windoweddoorwbuttons,"2.299|23|Vanilla"
2026-04-18 16:09:53.633,57.0,item,outpostoxygenerator,"2.296|2|Vanilla"
2026-04-18 16:09:53.633,57.0,item,reactor1,"2.133|1|Vanilla"
2026-04-18 16:09:53.633,57.0,item,alienturret_new,"1.205|1|Vanilla"
2026-04-18 16:09:53.633,57.0,item,guardianpod,"0.963|5|Vanilla"
2026-04-18 16:09:53.633,57.0,item,depthchargetube,"0.821|2|Vanilla"
2026-04-18 16:09:53.633,57.0,item,surveillancecenter,"0.809|1|Vanilla"
2026-04-18 16:09:53.633,57.0,item,largeengine,"0.764|2|Vanilla"
2026-04-18 16:09:53.633,57.0,item,aliencurrentgenerator,"0.698|5|Vanilla"
2026-04-18 16:09:53.633,57.0,item,smallpump,"0.682|10|Vanilla"
2026-04-18 16:09:53.633,57.0,item,relaycomponent,"0.574|72|Vanilla"
2026-04-18 16:09:53.633,57.0,item,junctionbox,"0.512|33|Vanilla"
2026-04-18 16:09:53.633,57.0,item,pump,"0.350|4|Vanilla"
2026-04-18 16:09:53.633,57.0,item,dockinghatch,"0.155|5|Vanilla"
2026-04-18 16:09:53.633,57.0,item,hatch,"0.144|19|Vanilla"
2026-04-18 16:09:53.633,57.0,item,outpostreactor,"0.092|2|Vanilla"
2026-04-18 16:09:53.633,57.0,item,lever,"0.083|4|Vanilla"
2026-04-18 16:09:53.633,57.0,item,railgun,"0.075|4|Vanilla"
2026-04-18 16:09:53.633,57.0,item,hatchwbuttons,"0.075|17|Vanilla"
2026-04-18 16:09:53.633,57.0,item,pulselaser,"0.027|2|Vanilla"
2026-04-18 16:10:11.415,49.8,phase,PhaseA_ms,46.88
2026-04-18 16:10:11.415,49.8,phase,PhaseB_ms,2.57
2026-04-18 16:10:11.415,49.8,phase,PhaseC_ms,0.00
2026-04-18 16:10:11.415,49.8,phase,PhaseD_ms,0.31
2026-04-18 16:10:11.415,49.8,sub_phase,PreBuild_ms,0.00
2026-04-18 16:10:11.415,49.8,sub_phase,SignalGraph_ms,0.07
2026-04-18 16:10:11.415,49.8,sub_phase,NativeRT_ms,0.20
2026-04-18 16:10:11.415,49.8,sub_phase,Classify_ms,1.31
2026-04-18 16:10:11.415,49.8,sub_phase,MainLoop_ms,0.99
2026-04-18 16:10:11.415,49.8,gc,Gen0,1
2026-04-18 16:10:11.415,49.8,gc,Gen1,0
2026-04-18 16:10:11.415,49.8,gc,Gen2,0
2026-04-18 16:10:11.415,49.8,gc,TotalMemoryMB,3311.1
2026-04-18 16:10:11.415,49.8,skip,SignalGraphAccel,324
2026-04-18 16:10:11.415,49.8,skip,Wire,1210
2026-04-18 16:10:11.415,49.8,skip,Zone,1466
2026-04-18 16:10:11.415,49.8,skip,ZonePassive,0
2026-04-18 16:10:11.415,49.8,skip,Proxy,0
2026-04-18 16:10:11.415,49.8,skip,GroundItem,897
2026-04-18 16:10:11.415,49.8,skip,ColdStorage,1689
2026-04-18 16:10:11.415,49.8,diag,ItemSum_ms,0.84
2026-04-18 16:10:11.415,49.8,diag,Infra_ms,1.58
2026-04-18 16:10:11.415,49.8,diag,Unaccounted_ms,1.73
2026-04-18 16:10:11.415,49.8,item,lever,"0.167|2|Vanilla"
2026-04-18 16:10:11.415,49.8,item,junctionbox,"0.064|17|Vanilla"
2026-04-18 16:10:11.415,49.8,item,relaycomponent,"0.057|20|Vanilla"
2026-04-18 16:10:11.415,49.8,item,hatch,"0.048|16|Vanilla"
2026-04-18 16:10:11.415,49.8,item,deep_C8-SFW,"0.046|1|Deep Diving Armory"
2026-04-18 16:10:11.415,49.8,item,windoweddoorwbuttons,"0.039|16|Vanilla"
2026-04-18 16:10:11.415,49.8,item,dockinghatch,"0.036|3|Vanilla"
2026-04-18 16:10:11.415,49.8,item,respawndivingsuit,"0.035|3|[EA-HI]Animated Barotrauma Lite"
2026-04-18 16:10:11.415,49.8,item,walker_headset,"0.033|1|Deep Diving Armory"
2026-04-18 16:10:11.415,49.8,item,reactor1,"0.031|1|Vanilla"
2026-04-18 16:10:11.415,49.8,item,jovian_divingsuit,"0.029|1|Barotraumatic"
2026-04-18 16:10:11.415,49.8,item,deep_Obsidian,"0.026|1|Deep Diving Armory"
2026-04-18 16:10:11.415,49.8,item,pump,"0.025|2|Vanilla"
2026-04-18 16:10:11.415,49.8,item,smg,"0.019|1|[EA-HI]木卫二萌化计划"
2026-04-18 16:10:11.415,49.8,item,hatchwbuttons,"0.016|10|Vanilla"
2026-04-18 16:10:11.415,49.8,item,doorwbuttons,"0.013|2|Vanilla"
2026-04-18 16:10:11.415,49.8,item,Ema_gear,"0.013|1|桃枝-简体中文翻译补充(自用)"
2026-04-18 16:10:11.415,49.8,item,tsm_flashlight_t,"0.012|1|T.S.M MISSIONS-问君此去几时还"
2026-04-18 16:10:11.415,49.8,item,operatingtable,"0.012|1|精创（桃子特供）"
2026-04-18 16:10:11.415,49.8,item,detonator,"0.010|3|Vanilla"
2026-04-18 16:15:51.426,39.0,phase,PhaseA_ms,0.89
2026-04-18 16:15:51.426,39.0,phase,PhaseB_ms,2.86
2026-04-18 16:15:51.426,39.0,phase,PhaseC_ms,0.00
2026-04-18 16:15:51.426,39.0,phase,PhaseD_ms,35.24
2026-04-18 16:15:51.426,39.0,sub_phase,PreBuild_ms,0.00
2026-04-18 16:15:51.426,39.0,sub_phase,SignalGraph_ms,0.08
2026-04-18 16:15:51.426,39.0,sub_phase,NativeRT_ms,0.11
2026-04-18 16:15:51.426,39.0,sub_phase,Classify_ms,1.68
2026-04-18 16:15:51.426,39.0,sub_phase,MainLoop_ms,0.99
2026-04-18 16:15:51.426,39.0,gc,Gen0,1
2026-04-18 16:15:51.426,39.0,gc,Gen1,1
2026-04-18 16:15:51.426,39.0,gc,Gen2,0
2026-04-18 16:15:51.426,39.0,gc,TotalMemoryMB,760.3
2026-04-18 16:15:51.426,39.0,skip,SignalGraphAccel,324
2026-04-18 16:15:51.426,39.0,skip,Wire,1210
2026-04-18 16:15:51.426,39.0,skip,Zone,909
2026-04-18 16:15:51.426,39.0,skip,ZonePassive,0
2026-04-18 16:15:51.426,39.0,skip,Proxy,0
2026-04-18 16:15:51.426,39.0,skip,GroundItem,1099
2026-04-18 16:15:51.426,39.0,skip,ColdStorage,1953
2026-04-18 16:15:51.426,39.0,diag,ItemSum_ms,0.85
2026-04-18 16:15:51.426,39.0,diag,Infra_ms,1.88
2026-04-18 16:15:51.426,39.0,diag,Unaccounted_ms,2.02
2026-04-18 16:15:51.426,39.0,item,tsm_js9,"0.217|1|T.S.M MISSIONS-问君此去几时还"
2026-04-18 16:15:51.426,39.0,item,relaycomponent,"0.098|35|Vanilla"
2026-04-18 16:15:51.426,39.0,item,junctionbox,"0.087|28|Vanilla"
2026-04-18 16:15:51.426,39.0,item,hatch,"0.062|16|Vanilla"
2026-04-18 16:15:51.426,39.0,item,windoweddoorwbuttons,"0.061|23|Vanilla"
2026-04-18 16:15:51.426,39.0,item,smallpump,"0.059|5|Vanilla"
2026-04-18 16:15:51.426,39.0,item,reactor1,"0.034|1|Vanilla"
2026-04-18 16:15:51.426,39.0,item,dockinghatch,"0.034|3|Vanilla"
2026-04-18 16:15:51.426,39.0,item,hatchwbuttons,"0.032|16|Vanilla"
2026-04-18 16:15:51.426,39.0,item,largeengine,"0.024|2|Vanilla"
2026-04-18 16:15:51.426,39.0,item,lever,"0.021|4|Vanilla"
2026-04-18 16:15:51.426,39.0,item,Huskcrawlie1spawn,"0.016|1|Barotraumatic"
2026-04-18 16:15:51.426,39.0,item,pump,"0.010|4|Vanilla"
2026-04-18 16:15:51.426,39.0,item,guardianspear,"0.009|5|Vanilla"
2026-04-18 16:15:51.426,39.0,item,Ema_gear,"0.008|1|桃枝-简体中文翻译补充(自用)"
2026-04-18 16:15:51.426,39.0,item,outpostoxygenerator,"0.007|2|Vanilla"
2026-04-18 16:15:51.426,39.0,item,outpostreactor,"0.006|2|Vanilla"
2026-04-18 16:15:51.426,39.0,item,doublecoilgun,"0.005|6|Vanilla"
2026-04-18 16:15:51.426,39.0,item,ductblock,"0.005|5|Vanilla"
2026-04-18 16:15:51.426,39.0,item,walker_headset,"0.004|1|Deep Diving Armory"
2026-04-18 16:18:16.511,628.3,phase,PhaseA_ms,2.57
2026-04-18 16:18:16.511,628.3,phase,PhaseB_ms,82.09
2026-04-18 16:18:16.511,628.3,phase,PhaseC_ms,0.00
2026-04-18 16:18:16.511,628.3,phase,PhaseD_ms,542.58
2026-04-18 16:18:16.511,628.3,sub_phase,PreBuild_ms,1.45
2026-04-18 16:18:16.511,628.3,sub_phase,SignalGraph_ms,0.00
2026-04-18 16:18:16.511,628.3,sub_phase,NativeRT_ms,13.62
2026-04-18 16:18:16.511,628.3,sub_phase,Classify_ms,3.61
2026-04-18 16:18:16.511,628.3,sub_phase,MainLoop_ms,57.39
2026-04-18 16:18:16.511,628.3,gc,Gen0,2
2026-04-18 16:18:16.511,628.3,gc,Gen1,1
2026-04-18 16:18:16.511,628.3,gc,Gen2,0
2026-04-18 16:18:16.511,628.3,gc,TotalMemoryMB,679.5
2026-04-18 16:18:16.511,628.3,skip,SignalGraphAccel,0
2026-04-18 16:18:16.511,628.3,skip,Wire,1019
2026-04-18 16:18:16.511,628.3,skip,Zone,1628
2026-04-18 16:18:16.511,628.3,skip,ZonePassive,0
2026-04-18 16:18:16.511,628.3,skip,Proxy,0
2026-04-18 16:18:16.511,628.3,skip,GroundItem,644
2026-04-18 16:18:16.511,628.3,skip,ColdStorage,770
2026-04-18 16:18:16.511,628.3,diag,ItemSum_ms,56.92
2026-04-18 16:18:16.511,628.3,diag,Infra_ms,24.70
2026-04-18 16:18:16.511,628.3,diag,Unaccounted_ms,26.25
2026-04-18 16:18:16.511,628.3,item,coilgun,"45.553|3|Vanilla"
2026-04-18 16:18:16.511,628.3,item,relaycomponent,"2.602|35|Vanilla"
2026-04-18 16:18:16.511,628.3,item,outpostreactor,"1.471|1|Vanilla"
2026-04-18 16:18:16.511,628.3,item,windoweddoorwbuttons,"1.154|8|Vanilla"
2026-04-18 16:18:16.511,628.3,item,shuttleoxygenerator,"1.023|1|Vanilla"
2026-04-18 16:18:16.511,628.3,item,stunbaton,"0.769|1|Vanilla"
2026-04-18 16:18:16.511,628.3,item,periscope,"0.739|6|Vanilla"
2026-04-18 16:18:16.511,628.3,item,headset,"0.639|2|[EA-HI]Animated Barotrauma Lite"
2026-04-18 16:18:16.511,628.3,item,orcomponent,"0.405|5|Vanilla"
2026-04-18 16:18:16.511,628.3,item,assistantclothes,"0.395|1|[EA-HI]Animated Barotrauma Lite"
2026-04-18 16:18:16.511,628.3,item,lever,"0.377|2|Vanilla"
2026-04-18 16:18:16.511,628.3,item,largeengine,"0.339|1|Vanilla"
2026-04-18 16:18:16.511,628.3,item,regexcomponent,"0.337|4|Vanilla"
2026-04-18 16:18:16.511,628.3,item,pump,"0.306|4|Vanilla"
2026-04-18 16:18:16.511,628.3,item,dockingport,"0.187|2|Vanilla"
2026-04-18 16:18:16.511,628.3,item,delaycomponent,"0.139|5|Vanilla"
2026-04-18 16:18:16.511,628.3,item,coscomponent,"0.132|1|Vanilla"
2026-04-18 16:18:16.511,628.3,item,memorycomponent,"0.088|11|Vanilla"
2026-04-18 16:18:16.511,628.3,item,junctionbox,"0.053|4|Vanilla"
2026-04-18 16:18:16.511,628.3,item,smallpump,"0.052|4|Vanilla"
2026-04-18 16:18:18.656,42.0,phase,PhaseA_ms,0.72
2026-04-18 16:18:18.656,42.0,phase,PhaseB_ms,40.90
2026-04-18 16:18:18.656,42.0,phase,PhaseC_ms,0.00
2026-04-18 16:18:18.656,42.0,phase,PhaseD_ms,0.00
2026-04-18 16:18:18.656,42.0,sub_phase,PreBuild_ms,1.21
2026-04-18 16:18:18.656,42.0,sub_phase,SignalGraph_ms,8.38
2026-04-18 16:18:18.656,42.0,sub_phase,NativeRT_ms,14.98
2026-04-18 16:18:18.656,42.0,sub_phase,Classify_ms,3.51
2026-04-18 16:18:18.656,42.0,sub_phase,MainLoop_ms,7.15
2026-04-18 16:18:18.656,42.0,gc,Gen0,0
2026-04-18 16:18:18.656,42.0,gc,Gen1,0
2026-04-18 16:18:18.656,42.0,gc,Gen2,0
2026-04-18 16:18:18.656,42.0,gc,TotalMemoryMB,5095.8
2026-04-18 16:18:18.656,42.0,skip,SignalGraphAccel,291
2026-04-18 16:18:18.656,42.0,skip,Wire,991
2026-04-18 16:18:18.656,42.0,skip,Zone,75
2026-04-18 16:18:18.656,42.0,skip,ZonePassive,0
2026-04-18 16:18:18.656,42.0,skip,Proxy,0
2026-04-18 16:18:18.656,42.0,skip,GroundItem,1192
2026-04-18 16:18:18.656,42.0,skip,ColdStorage,337
2026-04-18 16:18:18.656,42.0,diag,ItemSum_ms,6.90
2026-04-18 16:18:18.656,42.0,diag,Infra_ms,33.74
2026-04-18 16:18:18.656,42.0,diag,Unaccounted_ms,34.39
2026-04-18 16:18:18.656,42.0,item,relaycomponent,"3.678|48|Vanilla"
2026-04-18 16:18:18.656,42.0,item,windoweddoorwbuttons,"0.999|19|Vanilla"
2026-04-18 16:18:18.656,42.0,item,regexcomponent,"0.499|4|Vanilla"
2026-04-18 16:18:18.656,42.0,item,outpostreactor,"0.357|1|Vanilla"
2026-04-18 16:18:18.656,42.0,item,junctionbox,"0.257|27|Vanilla"
2026-04-18 16:18:18.656,42.0,item,pump,"0.212|7|Vanilla"
2026-04-18 16:18:18.656,42.0,item,reactor1,"0.208|1|Vanilla"
2026-04-18 16:18:18.656,42.0,item,coscomponent,"0.181|1|Vanilla"
2026-04-18 16:18:18.656,42.0,item,dockingport,"0.092|2|Vanilla"
2026-04-18 16:18:18.656,42.0,item,dockinghatch,"0.057|4|Vanilla"
2026-04-18 16:18:18.656,42.0,item,ductblock,"0.054|31|Vanilla"
2026-04-18 16:18:18.656,42.0,item,hatchwbuttons,"0.053|28|Vanilla"
2026-04-18 16:18:18.656,42.0,item,coilgun,"0.023|3|Vanilla"
2026-04-18 16:18:18.656,42.0,item,aliencurrentgenerator,"0.022|3|Vanilla"
2026-04-18 16:18:18.656,42.0,item,lever,"0.018|2|Vanilla"
2026-04-18 16:18:18.656,42.0,item,shuttleoxygenerator,"0.017|1|Vanilla"
2026-04-18 16:18:18.656,42.0,item,doorwbuttons,"0.017|9|Vanilla"
2026-04-18 16:18:18.656,42.0,item,guardianpod,"0.016|2|Vanilla"
2026-04-18 16:18:18.656,42.0,item,aliendoorwbuttons,"0.015|7|Vanilla"
2026-04-18 16:18:18.656,42.0,item,smallpump,"0.015|6|Vanilla"
2026-04-18 16:18:23.837,62.7,phase,PhaseA_ms,0.35
2026-04-18 16:18:23.837,62.7,phase,PhaseB_ms,61.97
2026-04-18 16:18:23.837,62.7,phase,PhaseC_ms,0.00
2026-04-18 16:18:23.837,62.7,phase,PhaseD_ms,0.37
2026-04-18 16:18:23.837,62.7,sub_phase,PreBuild_ms,0.00
2026-04-18 16:18:23.837,62.7,sub_phase,SignalGraph_ms,0.09
2026-04-18 16:18:23.837,62.7,sub_phase,NativeRT_ms,0.33
2026-04-18 16:18:23.837,62.7,sub_phase,Classify_ms,0.62
2026-04-18 16:18:23.837,62.7,sub_phase,MainLoop_ms,61.02
2026-04-18 16:18:23.837,62.7,gc,Gen0,0
2026-04-18 16:18:23.837,62.7,gc,Gen1,0
2026-04-18 16:18:23.837,62.7,gc,Gen2,0
2026-04-18 16:18:23.837,62.7,gc,TotalMemoryMB,4034.0
2026-04-18 16:18:23.837,62.7,skip,SignalGraphAccel,0
2026-04-18 16:18:23.837,62.7,skip,Wire,1019
2026-04-18 16:18:23.837,62.7,skip,Zone,1643
2026-04-18 16:18:23.837,62.7,skip,ZonePassive,0
2026-04-18 16:18:23.837,62.7,skip,Proxy,0
2026-04-18 16:18:23.837,62.7,skip,GroundItem,719
2026-04-18 16:18:23.837,62.7,skip,ColdStorage,749
2026-04-18 16:18:23.837,62.7,diag,ItemSum_ms,60.90
2026-04-18 16:18:23.837,62.7,diag,Infra_ms,0.96
2026-04-18 16:18:23.837,62.7,diag,Unaccounted_ms,1.08
2026-04-18 16:18:23.837,62.7,item,Clown_divingsuit,"60.391|1|Barotraumatic"
2026-04-18 16:18:23.837,62.7,item,relaycomponent,"0.077|35|Vanilla"
2026-04-18 16:18:23.837,62.7,item,memorycomponent,"0.035|11|Vanilla"
2026-04-18 16:18:23.837,62.7,item,headset,"0.033|8|[EA-HI]Animated Barotrauma Lite"
2026-04-18 16:18:23.837,62.7,item,outpostreactor,"0.030|1|Vanilla"
2026-04-18 16:18:23.837,62.7,item,hatchwbuttons,"0.029|14|Vanilla"
2026-04-18 16:18:23.837,62.7,item,junctionbox,"0.025|4|Vanilla"
2026-04-18 16:18:23.837,62.7,item,windoweddoorwbuttons,"0.023|8|Vanilla"
2026-04-18 16:18:23.837,62.7,item,multiplycomponent,"0.021|12|Vanilla"
2026-04-18 16:18:23.837,62.7,item,clowncostumesleeveless,"0.018|1|Barotraumatic"
2026-04-18 16:18:23.837,62.7,item,lever,"0.018|2|Vanilla"
2026-04-18 16:18:23.837,62.7,item,pump,"0.015|4|Vanilla"
2026-04-18 16:18:23.837,62.7,item,btcclownrespawndivingsuit,"0.014|2|Barotraumatic"
2026-04-18 16:18:23.837,62.7,item,dockingport,"0.013|2|Vanilla"
2026-04-18 16:18:23.837,62.7,item,regexcomponent,"0.013|4|Vanilla"
2026-04-18 16:18:23.837,62.7,item,orcomponent,"0.012|5|Vanilla"
2026-04-18 16:18:23.837,62.7,item,ductblock,"0.011|10|Vanilla"
2026-04-18 16:18:23.837,62.7,item,coilgun,"0.010|3|Vanilla"
2026-04-18 16:18:23.837,62.7,item,subtractcomponent,"0.009|8|Vanilla"
2026-04-18 16:18:23.837,62.7,item,addercomponent,"0.008|4|Vanilla"
2026-04-18 16:25:01.055,373.9,phase,PhaseA_ms,0.32
2026-04-18 16:25:01.055,373.9,phase,PhaseB_ms,1.90
2026-04-18 16:25:01.055,373.9,phase,PhaseC_ms,0.00
2026-04-18 16:25:01.055,373.9,phase,PhaseD_ms,371.63
2026-04-18 16:25:01.055,373.9,sub_phase,PreBuild_ms,0.01
2026-04-18 16:25:01.055,373.9,sub_phase,SignalGraph_ms,0.06
2026-04-18 16:25:01.055,373.9,sub_phase,NativeRT_ms,0.07
2026-04-18 16:25:01.055,373.9,sub_phase,Classify_ms,0.80
2026-04-18 16:25:01.055,373.9,sub_phase,MainLoop_ms,0.96
2026-04-18 16:25:01.055,373.9,gc,Gen0,1
2026-04-18 16:25:01.055,373.9,gc,Gen1,0
2026-04-18 16:25:01.055,373.9,gc,Gen2,0
2026-04-18 16:25:01.055,373.9,gc,TotalMemoryMB,3358.4
2026-04-18 16:25:01.055,373.9,skip,SignalGraphAccel,291
2026-04-18 16:25:01.055,373.9,skip,Wire,1019
2026-04-18 16:25:01.055,373.9,skip,Zone,1452
2026-04-18 16:25:01.055,373.9,skip,ZonePassive,0
2026-04-18 16:25:01.055,373.9,skip,Proxy,0
2026-04-18 16:25:01.055,373.9,skip,GroundItem,18
2026-04-18 16:25:01.055,373.9,skip,ColdStorage,806
2026-04-18 16:25:01.055,373.9,diag,ItemSum_ms,0.73
2026-04-18 16:25:01.055,373.9,diag,Infra_ms,0.94
2026-04-18 16:25:01.055,373.9,diag,Unaccounted_ms,1.17
2026-04-18 16:25:01.055,373.9,item,relaycomponent,"0.088|35|Vanilla"
2026-04-18 16:25:01.055,373.9,item,waterdetector,"0.085|20|Vanilla"
2026-04-18 16:25:01.055,373.9,item,outpostreactor,"0.052|1|Vanilla"
2026-04-18 16:25:01.055,373.9,item,btcclownrespawndivingsuit,"0.045|3|Barotraumatic"
2026-04-18 16:25:01.055,373.9,item,coilgunloader,"0.041|8|Vanilla"
2026-04-18 16:25:01.055,373.9,item,battery,"0.038|2|Vanilla"
2026-04-18 16:25:01.055,373.9,item,hatchwbuttons,"0.030|14|Vanilla"
2026-04-18 16:25:01.055,373.9,item,junctionbox,"0.024|4|Vanilla"
2026-04-18 16:25:01.055,373.9,item,windoweddoorwbuttons,"0.024|8|Vanilla"
2026-04-18 16:25:01.055,373.9,item,supercapacitor,"0.020|5|Vanilla"
2026-04-18 16:25:01.055,373.9,item,regexcomponent,"0.019|4|Vanilla"
2026-04-18 16:25:01.055,373.9,item,smallpump,"0.016|12|Vanilla"
2026-04-18 16:25:01.055,373.9,item,railgunloadersmall,"0.012|2|Vanilla"
2026-04-18 16:25:01.055,373.9,item,shuttlebattery,"0.011|1|Vanilla"
2026-04-18 16:25:01.055,373.9,item,vent,"0.011|11|Vanilla"
2026-04-18 16:25:01.055,373.9,item,largeengine,"0.011|1|Vanilla"
2026-04-18 16:25:01.055,373.9,item,ductblock,"0.011|10|Vanilla"
2026-04-18 16:25:01.055,373.9,item,headset,"0.010|10|[EA-HI]Animated Barotrauma Lite"
2026-04-18 16:25:01.055,373.9,item,lever,"0.010|2|Vanilla"
2026-04-18 16:25:01.055,373.9,item,dockingport,"0.010|2|Vanilla"
2026-04-18 16:30:02.082,486.3,phase,PhaseA_ms,0.43
2026-04-18 16:30:02.082,486.3,phase,PhaseB_ms,485.46
2026-04-18 16:30:02.082,486.3,phase,PhaseC_ms,0.00
2026-04-18 16:30:02.082,486.3,phase,PhaseD_ms,0.38
2026-04-18 16:30:02.082,486.3,sub_phase,PreBuild_ms,0.01
2026-04-18 16:30:02.082,486.3,sub_phase,SignalGraph_ms,0.09
2026-04-18 16:30:02.082,486.3,sub_phase,NativeRT_ms,0.13
2026-04-18 16:30:02.082,486.3,sub_phase,Classify_ms,1.25
2026-04-18 16:30:02.082,486.3,sub_phase,MainLoop_ms,483.98
2026-04-18 16:30:02.082,486.3,gc,Gen0,1
2026-04-18 16:30:02.082,486.3,gc,Gen1,1
2026-04-18 16:30:02.082,486.3,gc,Gen2,0
2026-04-18 16:30:02.082,486.3,gc,TotalMemoryMB,3358.4
2026-04-18 16:30:02.082,486.3,skip,SignalGraphAccel,291
2026-04-18 16:30:02.082,486.3,skip,Wire,1019
2026-04-18 16:30:02.082,486.3,skip,Zone,1452
2026-04-18 16:30:02.082,486.3,skip,ZonePassive,0
2026-04-18 16:30:02.082,486.3,skip,Proxy,0
2026-04-18 16:30:02.082,486.3,skip,GroundItem,610
2026-04-18 16:30:02.082,486.3,skip,ColdStorage,806
2026-04-18 16:30:02.082,486.3,diag,ItemSum_ms,0.89
2026-04-18 16:30:02.082,486.3,diag,Infra_ms,1.48
2026-04-18 16:30:02.082,486.3,diag,Unaccounted_ms,484.58
2026-04-18 16:30:02.082,486.3,item,relaycomponent,"0.174|35|Vanilla"
2026-04-18 16:30:02.082,486.3,item,outpostreactor,"0.117|1|Vanilla"
2026-04-18 16:30:02.082,486.3,item,regexcomponent,"0.058|4|Vanilla"
2026-04-18 16:30:02.082,486.3,item,junctionbox,"0.056|4|Vanilla"
2026-04-18 16:30:02.082,486.3,item,hatchwbuttons,"0.049|14|Vanilla"
2026-04-18 16:30:02.082,486.3,item,windoweddoorwbuttons,"0.047|8|Vanilla"
2026-04-18 16:30:02.082,486.3,item,Clown_divingsuit,"0.032|1|Barotraumatic"
2026-04-18 16:30:02.082,486.3,item,largeengine,"0.030|1|Vanilla"
2026-04-18 16:30:02.082,486.3,item,pump,"0.024|4|Vanilla"
2026-04-18 16:30:02.082,486.3,item,batterycelldisposable,"0.024|1|Barotraumatic"
2026-04-18 16:30:02.082,486.3,item,ductblock,"0.022|10|Vanilla"
2026-04-18 16:30:02.082,486.3,item,lever,"0.019|2|Vanilla"
2026-04-18 16:30:02.082,486.3,item,coilgun,"0.019|3|Vanilla"
2026-04-18 16:30:02.082,486.3,item,btcclownrespawndivingsuit,"0.018|3|Barotraumatic"
2026-04-18 16:30:02.082,486.3,item,deep_m4,"0.018|1|Deep Diving Armory"
2026-04-18 16:30:02.082,486.3,item,headset,"0.017|10|[EA-HI]Animated Barotrauma Lite"
2026-04-18 16:30:02.082,486.3,item,guardianspear,"0.016|4|Vanilla"
2026-04-18 16:30:02.082,486.3,item,dockinghatch,"0.015|2|Vanilla"
2026-04-18 16:30:02.082,486.3,item,dockingport,"0.014|2|Vanilla"
2026-04-18 16:30:02.082,486.3,item,shuttleoxygenerator,"0.008|1|Vanilla"
2026-04-18 16:33:22.139,397.0,phase,PhaseA_ms,0.46
2026-04-18 16:33:22.139,397.0,phase,PhaseB_ms,396.11
2026-04-18 16:33:22.139,397.0,phase,PhaseC_ms,0.00
2026-04-18 16:33:22.139,397.0,phase,PhaseD_ms,0.47
2026-04-18 16:33:22.139,397.0,sub_phase,PreBuild_ms,0.01
2026-04-18 16:33:22.139,397.0,sub_phase,SignalGraph_ms,0.13
2026-04-18 16:33:22.139,397.0,sub_phase,NativeRT_ms,0.09
2026-04-18 16:33:22.139,397.0,sub_phase,Classify_ms,1.24
2026-04-18 16:33:22.139,397.0,sub_phase,MainLoop_ms,394.64
2026-04-18 16:33:22.139,397.0,gc,Gen0,1
2026-04-18 16:33:22.139,397.0,gc,Gen1,1
2026-04-18 16:33:22.139,397.0,gc,Gen2,0
2026-04-18 16:33:22.139,397.0,gc,TotalMemoryMB,3359.6
2026-04-18 16:33:22.139,397.0,skip,SignalGraphAccel,291
2026-04-18 16:33:22.139,397.0,skip,Wire,1019
2026-04-18 16:33:22.139,397.0,skip,Zone,1452
2026-04-18 16:33:22.139,397.0,skip,ZonePassive,0
2026-04-18 16:33:22.139,397.0,skip,Proxy,0
2026-04-18 16:33:22.139,397.0,skip,GroundItem,598
2026-04-18 16:33:22.139,397.0,skip,ColdStorage,806
2026-04-18 16:33:22.139,397.0,diag,ItemSum_ms,394.36
2026-04-18 16:33:22.139,397.0,diag,Infra_ms,1.47
2026-04-18 16:33:22.139,397.0,diag,Unaccounted_ms,1.75
2026-04-18 16:33:22.139,397.0,item,huskstinger,"393.523|6|Vanilla"
2026-04-18 16:33:22.139,397.0,item,relaycomponent,"0.190|35|Vanilla"
2026-04-18 16:33:22.139,397.0,item,outpostreactor,"0.072|1|Vanilla"
2026-04-18 16:33:22.139,397.0,item,btcclownrespawndivingsuit,"0.060|3|Barotraumatic"
2026-04-18 16:33:22.139,397.0,item,junctionbox,"0.048|4|Vanilla"
2026-04-18 16:33:22.139,397.0,item,hatchwbuttons,"0.045|14|Vanilla"
2026-04-18 16:33:22.139,397.0,item,headset,"0.043|10|[EA-HI]Animated Barotrauma Lite"
2026-04-18 16:33:22.139,397.0,item,regexcomponent,"0.037|4|Vanilla"
2026-04-18 16:33:22.139,397.0,item,windoweddoorwbuttons,"0.037|8|Vanilla"
2026-04-18 16:33:22.139,397.0,item,guardianspear,"0.029|4|Vanilla"
2026-04-18 16:33:22.139,397.0,item,coilgun,"0.021|3|Vanilla"
2026-04-18 16:33:22.139,397.0,item,ductblock,"0.019|10|Vanilla"
2026-04-18 16:33:22.139,397.0,item,largeengine,"0.018|1|Vanilla"
2026-04-18 16:33:22.139,397.0,item,pump,"0.017|4|Vanilla"
2026-04-18 16:33:22.139,397.0,item,dockingport,"0.016|2|Vanilla"
2026-04-18 16:33:22.139,397.0,item,dockinghatch,"0.014|2|Vanilla"
2026-04-18 16:33:22.139,397.0,item,lever,"0.012|2|Vanilla"
2026-04-18 16:33:22.139,397.0,item,btcclownmaskhobo,"0.010|3|Barotraumatic"
2026-04-18 16:33:22.139,397.0,item,humanshotgun,"0.010|1|Barotraumatic"
2026-04-18 16:33:22.139,397.0,item,bluejumpsuittied,"0.009|2|Barotraumatic"
2026-04-18 16:37:47.141,31.3,phase,PhaseA_ms,0.48
2026-04-18 16:37:47.141,31.3,phase,PhaseB_ms,30.65
2026-04-18 16:37:47.141,31.3,phase,PhaseC_ms,0.00
2026-04-18 16:37:47.141,31.3,phase,PhaseD_ms,0.21
2026-04-18 16:37:47.141,31.3,sub_phase,PreBuild_ms,0.01
2026-04-18 16:37:47.141,31.3,sub_phase,SignalGraph_ms,0.06
2026-04-18 16:37:47.141,31.3,sub_phase,NativeRT_ms,0.12
2026-04-18 16:37:47.141,31.3,sub_phase,Classify_ms,1.01
2026-04-18 16:37:47.141,31.3,sub_phase,MainLoop_ms,0.93
2026-04-18 16:37:47.141,31.3,gc,Gen0,0
2026-04-18 16:37:47.141,31.3,gc,Gen1,0
2026-04-18 16:37:47.141,31.3,gc,Gen2,0
2026-04-18 16:37:47.141,31.3,gc,TotalMemoryMB,3463.8
2026-04-18 16:37:47.141,31.3,skip,SignalGraphAccel,291
2026-04-18 16:37:47.141,31.3,skip,Wire,1019
2026-04-18 16:37:47.141,31.3,skip,Zone,1452
2026-04-18 16:37:47.141,31.3,skip,ZonePassive,0
2026-04-18 16:37:47.141,31.3,skip,Proxy,0
2026-04-18 16:37:47.141,31.3,skip,GroundItem,598
2026-04-18 16:37:47.141,31.3,skip,ColdStorage,806
2026-04-18 16:37:47.141,31.3,diag,ItemSum_ms,0.72
2026-04-18 16:37:47.141,31.3,diag,Infra_ms,29.72
2026-04-18 16:37:47.141,31.3,diag,Unaccounted_ms,29.92
2026-04-18 16:37:47.141,31.3,item,relaycomponent,"0.089|35|Vanilla"
2026-04-18 16:37:47.141,31.3,item,junctionbox,"0.077|4|Vanilla"
2026-04-18 16:37:47.141,31.3,item,windoweddoorwbuttons,"0.065|8|Vanilla"
2026-04-18 16:37:47.141,31.3,item,outpostreactor,"0.054|1|Vanilla"
2026-04-18 16:37:47.141,31.3,item,hatchwbuttons,"0.038|14|Vanilla"
2026-04-18 16:37:47.141,31.3,item,deep_c1,"0.033|4|Deep Diving Armory"
2026-04-18 16:37:47.141,31.3,item,regexcomponent,"0.033|4|Vanilla"
2026-04-18 16:37:47.141,31.3,item,headset,"0.025|24|[EA-HI]Animated Barotrauma Lite"
2026-04-18 16:37:47.141,31.3,item,largeengine,"0.022|1|Vanilla"
2026-04-18 16:37:47.141,31.3,item,deep_CZ75,"0.016|2|Deep Diving Armory"
2026-04-18 16:37:47.141,31.3,item,coilgun,"0.016|3|Vanilla"
2026-04-18 16:37:47.141,31.3,item,toolbelt,"0.016|14|Vanilla"
2026-04-18 16:37:47.141,31.3,item,btcclownrespawndivingsuit,"0.015|3|Barotraumatic"
2026-04-18 16:37:47.141,31.3,item,ductblock,"0.014|10|Vanilla"
2026-04-18 16:37:47.141,31.3,item,pump,"0.013|4|Vanilla"
2026-04-18 16:37:47.141,31.3,item,screwdriver,"0.012|14|Vanilla"
2026-04-18 16:37:47.141,31.3,item,lever,"0.011|2|Vanilla"
2026-04-18 16:37:47.141,31.3,item,weldingtool,"0.011|7|Vanilla"
2026-04-18 16:37:47.141,31.3,item,dockinghatch,"0.011|2|Vanilla"
2026-04-18 16:37:47.141,31.3,item,dockingport,"0.010|2|Vanilla"
2026-04-18 16:37:52.146,34.9,phase,PhaseA_ms,0.98
2026-04-18 16:37:52.146,34.9,phase,PhaseB_ms,33.59
2026-04-18 16:37:52.146,34.9,phase,PhaseC_ms,0.00
2026-04-18 16:37:52.146,34.9,phase,PhaseD_ms,0.31
2026-04-18 16:37:52.146,34.9,sub_phase,PreBuild_ms,0.01
2026-04-18 16:37:52.146,34.9,sub_phase,SignalGraph_ms,0.14
2026-04-18 16:37:52.146,34.9,sub_phase,NativeRT_ms,0.10
2026-04-18 16:37:52.146,34.9,sub_phase,Classify_ms,2.26
2026-04-18 16:37:52.146,34.9,sub_phase,MainLoop_ms,1.40
2026-04-18 16:37:52.146,34.9,gc,Gen0,0
2026-04-18 16:37:52.146,34.9,gc,Gen1,0
2026-04-18 16:37:52.146,34.9,gc,Gen2,0
2026-04-18 16:37:52.146,34.9,gc,TotalMemoryMB,3464.2
2026-04-18 16:37:52.146,34.9,skip,SignalGraphAccel,291
2026-04-18 16:37:52.146,34.9,skip,Wire,1019
2026-04-18 16:37:52.146,34.9,skip,Zone,1452
2026-04-18 16:37:52.146,34.9,skip,ZonePassive,0
2026-04-18 16:37:52.146,34.9,skip,Proxy,0
2026-04-18 16:37:52.146,34.9,skip,GroundItem,598
2026-04-18 16:37:52.146,34.9,skip,ColdStorage,806
2026-04-18 16:37:52.146,34.9,diag,ItemSum_ms,1.09
2026-04-18 16:37:52.146,34.9,diag,Infra_ms,32.18
2026-04-18 16:37:52.146,34.9,diag,Unaccounted_ms,32.49
2026-04-18 16:37:52.146,34.9,item,relaycomponent,"0.212|35|Vanilla"
2026-04-18 16:37:52.146,34.9,item,junctionbox,"0.147|4|Vanilla"
2026-04-18 16:37:52.146,34.9,item,outpostreactor,"0.109|1|Vanilla"
2026-04-18 16:37:52.146,34.9,item,windoweddoorwbuttons,"0.059|8|Vanilla"
2026-04-18 16:37:52.146,34.9,item,regexcomponent,"0.057|4|Vanilla"
2026-04-18 16:37:52.146,34.9,item,hatchwbuttons,"0.043|14|Vanilla"
2026-04-18 16:37:52.146,34.9,item,headset,"0.035|24|[EA-HI]Animated Barotrauma Lite"
2026-04-18 16:37:52.146,34.9,item,pump,"0.031|4|Vanilla"
2026-04-18 16:37:52.146,34.9,item,deep_c1,"0.030|4|Deep Diving Armory"
2026-04-18 16:37:52.146,34.9,item,largeengine,"0.026|1|Vanilla"
2026-04-18 16:37:52.146,34.9,item,coilgun,"0.024|3|Vanilla"
2026-04-18 16:37:52.146,34.9,item,ductblock,"0.024|10|Vanilla"
2026-04-18 16:37:52.146,34.9,item,btcclownrespawndivingsuit,"0.018|3|Barotraumatic"
2026-04-18 16:37:52.146,34.9,item,screwdriver,"0.018|14|Vanilla"
2026-04-18 16:37:52.146,34.9,item,toolbelt,"0.018|14|Vanilla"
2026-04-18 16:37:52.146,34.9,item,lever,"0.016|2|Vanilla"
2026-04-18 16:37:52.146,34.9,item,fuelrod,"0.015|9|Vanilla"
2026-04-18 16:37:52.146,34.9,item,dockingport,"0.013|2|Vanilla"
2026-04-18 16:37:52.146,34.9,item,dockinghatch,"0.013|2|Vanilla"
2026-04-18 16:37:52.146,34.9,item,deep_CZ75,"0.013|2|Deep Diving Armory"
2026-04-18 16:51:28.269,41.8,phase,PhaseA_ms,0.60
2026-04-18 16:51:28.269,41.8,phase,PhaseB_ms,40.52
2026-04-18 16:51:28.269,41.8,phase,PhaseC_ms,0.00
2026-04-18 16:51:28.269,41.8,phase,PhaseD_ms,0.67
2026-04-18 16:51:28.269,41.8,sub_phase,PreBuild_ms,0.01
2026-04-18 16:51:28.269,41.8,sub_phase,SignalGraph_ms,0.11
2026-04-18 16:51:28.269,41.8,sub_phase,NativeRT_ms,0.12
2026-04-18 16:51:28.269,41.8,sub_phase,Classify_ms,1.55
2026-04-18 16:51:28.269,41.8,sub_phase,MainLoop_ms,1.92
2026-04-18 16:51:28.269,41.8,gc,Gen0,0
2026-04-18 16:51:28.269,41.8,gc,Gen1,0
2026-04-18 16:51:28.269,41.8,gc,Gen2,0
2026-04-18 16:51:28.269,41.8,gc,TotalMemoryMB,3393.7
2026-04-18 16:51:28.269,41.8,skip,SignalGraphAccel,291
2026-04-18 16:51:28.269,41.8,skip,Wire,1019
2026-04-18 16:51:28.269,41.8,skip,Zone,1452
2026-04-18 16:51:28.269,41.8,skip,ZonePassive,0
2026-04-18 16:51:28.269,41.8,skip,Proxy,0
2026-04-18 16:51:28.269,41.8,skip,GroundItem,14
2026-04-18 16:51:28.269,41.8,skip,ColdStorage,806
2026-04-18 16:51:28.269,41.8,diag,ItemSum_ms,1.53
2026-04-18 16:51:28.269,41.8,diag,Infra_ms,38.60
2026-04-18 16:51:28.269,41.8,diag,Unaccounted_ms,38.99
2026-04-18 16:51:28.269,41.8,item,relaycomponent,"0.174|35|Vanilla"
2026-04-18 16:51:28.269,41.8,item,junctionbox,"0.136|4|Vanilla"
2026-04-18 16:51:28.269,41.8,item,outpostreactor,"0.131|1|Vanilla"
2026-04-18 16:51:28.269,41.8,item,waterdetector,"0.122|20|Vanilla"
2026-04-18 16:51:28.269,41.8,item,battery,"0.106|2|Vanilla"
2026-04-18 16:51:28.269,41.8,item,hatchwbuttons,"0.082|14|Vanilla"
2026-04-18 16:51:28.269,41.8,item,btcclownrespawndivingsuit,"0.062|3|Barotraumatic"
2026-04-18 16:51:28.269,41.8,item,coilgunloader,"0.056|8|Vanilla"
2026-04-18 16:51:28.269,41.8,item,regexcomponent,"0.053|4|Vanilla"
2026-04-18 16:51:28.269,41.8,item,windoweddoorwbuttons,"0.035|8|Vanilla"
2026-04-18 16:51:28.269,41.8,item,supercapacitor,"0.032|5|Vanilla"
2026-04-18 16:51:28.269,41.8,item,headset,"0.029|24|[EA-HI]Animated Barotrauma Lite"
2026-04-18 16:51:28.269,41.8,item,smallpump,"0.025|12|Vanilla"
2026-04-18 16:51:28.269,41.8,item,largeengine,"0.023|1|Vanilla"
2026-04-18 16:51:28.269,41.8,item,coilgun,"0.022|3|Vanilla"
2026-04-18 16:51:28.269,41.8,item,deep_c1,"0.020|2|Deep Diving Armory"
2026-04-18 16:51:28.269,41.8,item,railgunloadersmall,"0.019|2|Vanilla"
2026-04-18 16:51:28.269,41.8,item,shuttlebattery,"0.018|1|Vanilla"
2026-04-18 16:51:28.269,41.8,item,fuelrod,"0.018|9|Vanilla"
2026-04-18 16:51:28.269,41.8,item,ductblock,"0.018|10|Vanilla"
2026-04-18 17:49:38.256,200.5,phase,PhaseA_ms,2.59
2026-04-18 17:49:38.256,200.5,phase,PhaseB_ms,46.74
2026-04-18 17:49:38.256,200.5,phase,PhaseC_ms,0.00
2026-04-18 17:49:38.256,200.5,phase,PhaseD_ms,150.41
2026-04-18 17:49:38.256,200.5,sub_phase,PreBuild_ms,1.76
2026-04-18 17:49:38.256,200.5,sub_phase,SignalGraph_ms,0.00
2026-04-18 17:49:38.256,200.5,sub_phase,NativeRT_ms,16.96
2026-04-18 17:49:38.256,200.5,sub_phase,Classify_ms,4.54
2026-04-18 17:49:38.256,200.5,sub_phase,MainLoop_ms,16.59
2026-04-18 17:49:38.256,200.5,gc,Gen0,2
2026-04-18 17:49:38.256,200.5,gc,Gen1,1
2026-04-18 17:49:38.256,200.5,gc,Gen2,0
2026-04-18 17:49:38.256,200.5,gc,TotalMemoryMB,614.3
2026-04-18 17:49:38.256,200.5,skip,SignalGraphAccel,0
2026-04-18 17:49:38.256,200.5,skip,Wire,875
2026-04-18 17:49:38.256,200.5,skip,Zone,1059
2026-04-18 17:49:38.256,200.5,skip,ZonePassive,0
2026-04-18 17:49:38.256,200.5,skip,Proxy,0
2026-04-18 17:49:38.256,200.5,skip,GroundItem,484
2026-04-18 17:49:38.256,200.5,skip,ColdStorage,766
2026-04-18 17:49:38.256,200.5,diag,ItemSum_ms,16.02
2026-04-18 17:49:38.256,200.5,diag,Infra_ms,30.15
2026-04-18 17:49:38.256,200.5,diag,Unaccounted_ms,31.46
2026-04-18 17:49:38.256,200.5,item,relaycomponent,"2.860|35|Vanilla"
2026-04-18 17:49:38.256,200.5,item,coilgun,"2.178|3|Vanilla"
2026-04-18 17:49:38.256,200.5,item,outpostreactor,"1.780|1|Vanilla"
2026-04-18 17:49:38.256,200.5,item,headset,"1.366|2|[EA-HI]Animated Barotrauma Lite"
2026-04-18 17:49:38.256,200.5,item,shuttleoxygenerator,"1.180|1|Vanilla"
2026-04-18 17:49:38.256,200.5,item,cultistrobes,"0.956|1|[EA-HI]Animated Barotrauma Lite"
2026-04-18 17:49:38.256,200.5,item,stunbaton,"0.952|1|Vanilla"
2026-04-18 17:49:38.256,200.5,item,periscope,"0.841|6|Vanilla"
2026-04-18 17:49:38.256,200.5,item,lever,"0.640|2|Vanilla"
2026-04-18 17:49:38.256,200.5,item,windoweddoorwbuttons,"0.634|8|Vanilla"
2026-04-18 17:49:38.256,200.5,item,orcomponent,"0.445|5|Vanilla"
2026-04-18 17:49:38.256,200.5,item,regexcomponent,"0.408|4|Vanilla"
2026-04-18 17:49:38.256,200.5,item,largeengine,"0.396|1|Vanilla"
2026-04-18 17:49:38.256,200.5,item,pump,"0.378|4|Vanilla"
2026-04-18 17:49:38.256,200.5,item,dockingport,"0.200|2|Vanilla"
2026-04-18 17:49:38.256,200.5,item,delaycomponent,"0.190|5|Vanilla"
2026-04-18 17:49:38.256,200.5,item,coscomponent,"0.151|1|Vanilla"
2026-04-18 17:49:38.256,200.5,item,memorycomponent,"0.084|11|Vanilla"
2026-04-18 17:49:38.256,200.5,item,vipclothes1,"0.080|1|[EA-HI]Animated Barotrauma Lite"
2026-04-18 17:49:38.256,200.5,item,junctionbox,"0.075|4|Vanilla"
2026-04-18 17:49:40.524,73.8,phase,PhaseA_ms,3.96
2026-04-18 17:49:40.524,73.8,phase,PhaseB_ms,68.39
2026-04-18 17:49:40.524,73.8,phase,PhaseC_ms,0.00
2026-04-18 17:49:40.524,73.8,phase,PhaseD_ms,0.42
2026-04-18 17:49:40.524,73.8,sub_phase,PreBuild_ms,1.64
2026-04-18 17:49:40.524,73.8,sub_phase,SignalGraph_ms,10.83
2026-04-18 17:49:40.524,73.8,sub_phase,NativeRT_ms,19.86
2026-04-18 17:49:40.524,73.8,sub_phase,Classify_ms,4.10
2026-04-18 17:49:40.524,73.8,sub_phase,MainLoop_ms,24.67
2026-04-18 17:49:40.524,73.8,gc,Gen0,0
2026-04-18 17:49:40.524,73.8,gc,Gen1,0
2026-04-18 17:49:40.524,73.8,gc,Gen2,0
2026-04-18 17:49:40.524,73.8,gc,TotalMemoryMB,3674.1
2026-04-18 17:49:40.524,73.8,skip,SignalGraphAccel,241
2026-04-18 17:49:40.524,73.8,skip,Wire,853
2026-04-18 17:49:40.524,73.8,skip,Zone,55
2026-04-18 17:49:40.524,73.8,skip,ZonePassive,0
2026-04-18 17:49:40.524,73.8,skip,Proxy,0
2026-04-18 17:49:40.524,73.8,skip,GroundItem,896
2026-04-18 17:49:40.524,73.8,skip,ColdStorage,232
2026-04-18 17:49:40.524,73.8,diag,ItemSum_ms,23.86
2026-04-18 17:49:40.524,73.8,diag,Infra_ms,43.72
2026-04-18 17:49:40.524,73.8,diag,Unaccounted_ms,45.55
2026-04-18 17:49:40.524,73.8,item,pump,"4.559|6|Vanilla"
2026-04-18 17:49:40.524,73.8,item,relaycomponent,"4.313|52|Vanilla"
2026-04-18 17:49:40.524,73.8,item,coilgun,"3.094|7|Vanilla"
2026-04-18 17:49:40.524,73.8,item,outpostreactor,"2.373|3|Vanilla"
2026-04-18 17:49:40.524,73.8,item,shuttleoxygenerator,"2.016|1|Vanilla"
2026-04-18 17:49:40.524,73.8,item,largeengine,"1.967|2|Vanilla"
2026-04-18 17:49:40.524,73.8,item,guardianpod,"1.252|4|Vanilla"
2026-04-18 17:49:40.524,73.8,item,periscope,"1.149|11|Vanilla"
2026-04-18 17:49:40.524,73.8,item,windoweddoorwbuttons,"0.857|15|Vanilla"
2026-04-18 17:49:40.524,73.8,item,junctionbox,"0.531|20|Vanilla"
2026-04-18 17:49:40.524,73.8,item,lever,"0.492|4|Vanilla"
2026-04-18 17:49:40.524,73.8,item,regexcomponent,"0.272|4|Vanilla"
2026-04-18 17:49:40.524,73.8,item,dockingport,"0.223|2|Vanilla"
2026-04-18 17:49:40.524,73.8,item,coscomponent,"0.169|1|Vanilla"
2026-04-18 17:49:40.524,73.8,item,dockinghatch,"0.165|4|Vanilla"
2026-04-18 17:49:40.524,73.8,item,hatchwbuttons,"0.111|23|Vanilla"
2026-04-18 17:49:40.524,73.8,item,chaingun,"0.064|1|Vanilla"
2026-04-18 17:49:40.524,73.8,item,ductblock,"0.047|16|Vanilla"
2026-04-18 17:49:40.524,73.8,item,smallpump,"0.026|8|Vanilla"
2026-04-18 17:49:40.524,73.8,item,shuttleengine,"0.019|1|Vanilla"
